{"20544106": {"id": 20544106, "username": "asomas", "resource_state": 2, "firstname": "Arun", "lastname": "Somas", "bio": "", "city": "San Ramon", "state": "CA", "country": null, "sex": "M", "premium": true, "summit": true, "created_at": "2017-03-19T01:23:30Z", "updated_at": "2023-07-20T19:24:18Z", "badge_type_id": 1, "weight": 70.7604, "profile_medium": "https://dgalywyr863hv.cloudfront.net/pictures/athletes/20544106/9465977/3/medium.jpg", "profile": "https://dgalywyr863hv.cloudfront.net/pictures/athletes/20544106/9465977/3/large.jpg", "friend": null, "follower": null, "refresh_token": "2a6b8a7146522a3dfa28c7a6d98b187740bbe6bb", "access_token": "7089e92120cc4b2baa8422eec312505caa2f6291"}}