{"20544106": {"id": 20544106, "username": "asomas", "resource_state": 2, "firstname": "Arun", "lastname": "Somas", "bio": "", "city": "San Ramon", "state": "CA", "country": null, "sex": "M", "premium": true, "summit": true, "created_at": "2017-03-19T01:23:30Z", "updated_at": "2023-07-20T19:24:18Z", "badge_type_id": 1, "weight": 70.7604, "profile_medium": "https://dgalywyr863hv.cloudfront.net/pictures/athletes/20544106/9465977/3/medium.jpg", "profile": "https://dgalywyr863hv.cloudfront.net/pictures/athletes/20544106/9465977/3/large.jpg", "friend": null, "follower": null, "refresh_token": "2a6b8a7146522a3dfa28c7a6d98b187740bbe6bb", "access_token": "81dad26e2eaaeea75ef4f024e7cd8ab21bf79aa0", "2023-Q4": {"distance": 411.2, "elv_gain": 24900.59, "moving_time": 32.27}, "2023-Q3": {"distance": 1200.82, "elv_gain": 68010.5, "moving_time": 102.78}, "2023-Q2": {"distance": 978.07, "elv_gain": 54644.69, "moving_time": 83.48}, "2023-Q1": {"distance": 586.61, "elv_gain": 31344.82, "moving_time": 49.44}}}